{"cameraMode":{"drawMode":0,"name":"Shaded","section":"Shading Mode"},"sceneLighting":true,"audioPlay":false,"sceneViewState":{"m_AlwaysRefresh":false,"showFog":true,"showSkybox":false,"showFlares":true,"showImageEffects":true,"showParticleSystems":true,"showVisualEffectGraphs":true,"m_FxEnabled":true},"in2DMode":false,"pivot":{"x":6.800904750823975,"y":0.3202006220817566,"z":-0.0543857142329216},"rotation":{"x":-0.1274683177471161,"y":0.0005850417073816061,"z":-0.00015060926671139896,"w":-0.9918911457061768},"size":3.084601402282715,"orthographic":false}